{
 "Users": [
  {
   "Username": "niharika",
   "Password": "c6657cb6c10a14c577c8fd52509508db76e0acc56e25d556d09db785456a8b9f"
  },
  {
   "Username": "madhavans1",
   "Password": "b7df801c2829d1ff7e2c601688658ada6f22c5ed4baf2cba9dcc30f3bb1a2e9b"
  },
  {
   "Username": "phung",
   "Password": "c3e204f58932197d6115f08fd0b2728a7816147eb8ae8ee1b5d945c879b7af73"
  },
  {
   "Username": "admin",
   "Password": "d0d436b3405b3621a295e791bce4bc31bbcc559ba70d13fb7baca07a28d42cca"
  },
  {
   "Username": "admin1",
   "Password": "9c7e80beb1135f594b549c38f90f83496634edca49bcc616ac679cd8db57b105"
  },
  {
   "Username": "hemamalini",
   "Password": "bd8db5572cb90b7500be6188f6e84282cd2c297a17bc7fb75cd5d2ee5dccc236"
  },
  {
   "Username": "sagarika",
   "Password": "b618313cbab7b1d2c45dea2abb5885ea154035fec576d5e87ed92e57e8b2767c"
  }
 ]
}